sentence,keywords
THE LIVER IS AN ORGAN LOCATED IN THE UPPER RIGHT PART OF THE BELLY ABDOMEN,ABDOMEN
BIGGEST THREAT TO OUR AMERICAN DEMOCRACY IS DONALD TRUMP AND HIS BASE OF UNEDUCATED RACIST GUN TOTING CONSPIRACY THEORY BELIEVING HILLBILLIES! GOPS IN CONGRESS ARE CLINGING TO THIS BASE BECAUSE THEY ARE DESPERATE TO HOLD THE SENATE AND GAIN THE HOUSE!,DONALD TRUMP
PRESIDENT DONALD TRUMP AUTHORIZED SECRETLY SEIZED RECORDS FROM DEMOCRATS AND MEMBERS OF THE MEDIA,DONALD TRUMP
33 KILOGRAMS OF CARBON DIOXIDE PER SNEAKER! WHO KNEW THAT  CLIMATE CHANGE IS A REAL THING!  THINK TWICE ABOUT THE AMOUNT OF POLLUTION RESULTED MAKING YOUR PRODUCTS!,CLIMATE
CLIMATE IS A MATTER THAT WE MUST ADDRESS AS A WHOLE HOW WE TREAT EACH OTHER AND HOW WE TREAT OUR ENVIRONMENT ARE ONE AND THE SAME,CLIMATE
GUYS I NEEDED THE MENTAL HEALTH DAYS AND I THANK Y'ALL FOR STICKING WITH ME THROUGH ALL THE GRIT AND BATTLE WE LIVE TODAY 5PM EST! DROP IN WE GOT 2 DUO TOURNAMENTS THIS WEEK FOR #ESCAPEFROMTARKOV LET'S GET GAMING #SUPPORTSMALLSTREAMERS,HEALTH
THAT MUCH LIKE THE STORK IT REPRESENTS FERTILITY AND WOMENS HEALTH KNOWLEDGE IN MANY CULTURES AROUND THE WORLD,HEALTH
THE WHOLE HEALTH ECOSYSTEM HAS A PART IN THIS,HEALTH
MY MENTAL HEALTH IS WRECKED,HEALTH
HEALTH BECAUSE IN A FEW DAYS YOU CAN SEE AND FEEL A CHANGE THAT DOES WONDERS FOR YA CONFIDENCE,HEALTH
I SPENT THE MAJORITY OF MY LIFE ASHAMED TO TAKE MY SHIRT OFF  SPORTS SHIRTS VS SKINS POOL PARTIES LOCKER ROOMS  I CAN'T TELL YOU HOW AMAZING IT IS TO NOT HAVE TO SUFFER THROUGH THAT SHAME ANYMORE  YOU CAN DO IT TOO,SPORTS
DON'T JUDGE MY MATURITY BY READING MY OVER OBSESSION OVER #WTCFINALS AND VIRAT KOHLI IN COMING FEW DAYS,READING
COLIN FROM ILLINOIS IF YOURE OUT THERE I JUST SPENT THE LAST 10 MIN READING YOUR DO IT YOURSELF DIARY OF A WIMPY KID BOOK AT A GOODWILL AND IT WAS PRETTY FUNNY NGL,READING
I WAS READING THE REQUIREMENTS TO CHROMOSOME ENTERTAINMENT BC IDK I WANTED TO MESS AROUND TURNS OUT I CAN'T BC I'M 20 LMAO,READING
JUST AS A PERSON WHO QUITS RUNNING A RACE WILL NOT FINISH THE RACE A PERSON WHO STOPS WORKING ON A GOAL WILL NOT ACHIEVE IT,RUNNING
GOT MYSELF TO SPEND 30 MINUTES JUST WALKING RUNNING AND LISTENING TO PODCASTS,RUNNING
BUT AS I WAS RUNNING I GOT A SUDDEN HEAD RUSH AND FELL TO THE FLOOR PASSED OUT,RUNNING
KNOWING THAT I DON'T HAVE TO STUDY PHYSICS OR CHEM IS WHAT KEEPS ME GOING IN LIFE,PHYSICS
TODAY I LEARNED JAVASCRIPT YOUTUBE IS A THING AND I HAVE SO MANY QUESTIONS BUT AT THE SAME TIME REALIZE I PROBABLY DON'T WANT ANY OF THEM ANSWERED,YOUTUBE
IS IT JUST ME THAT BE GETTING A STUPID AMOUNT OF YOUTUBE ADS ON MY PHONE WHENEVER I WATCH VIDEOS IT'S SO ANNOYING RECENTLY,YOUTUBE
TODAY WAS MY LAST DAY IN SCHOOL SO I'M FINALLY GONNA START WATCHING ANIMES D WHAT SHOULD I START FIRST,SCHOOL
LIKE LAST WEEK I DECIDED TO FINALLY QUIT MY JOB AFTER HAVING SO MUCH TIME OFF BETWEEN BEING ON SICK LEAVE AND FURLOUGH ETC BUT I HAVE JUST OFFICIALLY SENT OVER MY RESIGNATION LETTER I AM SO RELIEVED TO NEVER HAVE TO GO BACK TO THAT PLACE AGAIN CAN I GET A WOOP WOOPPP,JOB
GRANDMA IS VERY CONCERNED TODAY THAT IT WILL BE IMPOSSIBLE FOR ME AS A WHITE MALE TO FIND A JOB ONCE CRITICAL RACE THEORY AND THE WOKE MOB TAKE OVER,JOB
CAN MY JOB CLOSE IN THE NEXT 17 MINUTES SO I CAN WATCH THE DIRECT THANKS,JOB
SIX FIGURE DAY JOB FIVE FIGURE ON THE SIDE  GAVE MYSELF UNTIL 30 BUT WE HITTING THAT BY 28 BOYS,JOB
SEE OUR LATEST SEATTLE WA INFORMATION TECHNOLOGY JOB OPPORTUNITY AND CLICK THE LINK IN OUR BIO TO APPLY WEB DEVELOPER AT THERMO FISHER SCIENTIFIC #EMERALDCITY #SEATAC,JOB
TO MY BABY THANK YOU SO MUCH FOR YOUR WORK YOU'RE AMAZING BOY AND YOU DOING WELL WE ARE PROUD OF YOU PLEASE DON'T CRY I CAN'T SEE YOU'RE TEARS I REALLY I CAN'T I FEEL MY SOUL IS GOING HURT SO MUCH PLEASE DON'T CRY BABY   #THANKYOUMCLUCAS,WORK
HER CAREER GOAL IS TO MOVE TO DALLAS TX OR NASHVILLE TN AND WORK FOR A MEDIUM SIZE ADVERTISING FIRM AFTER COLLEGE,WORK
EVERYONE MUST UNDERSTAND THAT I AM FROM ROMANIA AND MORE THAN THAT I WAS BORN IN ROMANIA AND YOU MUST UNDERSTAND THAT I FOUGHT SO THAT EACH PERSON CAN LIVE IN PEACE YOU MUST UNDERSTAND THIS,ROMANIA
70% OF NYC IS FULLY VACCINATED!! HEARD ON THE RADIO THAT NYC WILL LOOK LIKE THE 4TH OF JULY TONIGHT,THE RADIO
TURNED ON THE RADIO AND THE FIRST THING I HEARD WAS SOMETHING ABT THE BTS MEAL I LOVE IT HERE,THE RADIO
E3 BEEN ROUGH THIS YEAR BUT THAT #NINTENDODIRECT WAS GREAT SO MANY GAMES I WANT TO PICK UP AND A BUNCH THAT EVEN THO IM NOT PERSONALLY INTERESTED IN WERE HYPE AF TO SEE,#NINTENDODIRECT
I USE TO THINK PLAYSTATION ONLY FANBOYS WERE THE EASIEST TO IMPRESS BUT AFTER #NINTENDODIRECT IT IS APPARENT THAT NINTENDO ONLY FANBOYS WILL EAT UP A MOBILE GAME,#NINTENDODIRECT
THE #NINTENDODIRECT WAS PROBABLY ONE OF THE BEST DIRECTS IN A LONG TIME,#NINTENDODIRECT
WANT PORTUGAL TO GET A PENALTY TO SEE HOW FERNANDEZ CRIES AS HE WALKS AWAY WHEN RONALDO PICKS UP THE BALL #EURO2020 AND MISSES THE SPOT KICK,PORTUGAL
THIS TIME LAST YEAR PORTUGAL WAS IN DIRE STRAITS WITH COVID TODAY #POR PLAYING #HUN IN FRONT OF 67000 FANS HERE IN THE UK #ENG AND #SCO GAMES PLAYING IN FRONT OF LIMITED FANS JUST PROVES OUR GOVTS GOT IT SO WRONG IN DEALING WITH COVID,PORTUGAL
WHILST THEY ARE TELLING US TO DO STAYCATION I CAN TRAVEL TO PORTUGAL OR SPAIN 4*/5* ACCOMODATION INCLUDING PCR TESTS FOR DAY 2 AND 8 AND THE HOLIDAY WOULD BE CHEAPER THAN ME TRAVELLING TO DEVON OR CORNWALL MAKE IT MAKE SENSE PLEASEEE,PORTUGAL
0 IN MY BOOKS #ALLFRA,#ALLFRA
FRANCE AND ITALY MUST MEET AT SOME POINT IF ONLY FOR THE DARK ARTS FROM CHIELLINI AND BONUCCI IN ORDER TO KEEP MBAPPE IN CHECK,MBAPPE
WOULD LIKE TO INFORM @PETERCROUCH THAT BASED ON MY ANALYSIS OF THE FIRST ROUND MATCHES IN THE #EURO2020 COMPETITION I BELIEVE THAT #BEL WILL BEAT #AUT IN THE FINAL ON JULY 11TH 2021 #YEARLATEEUROS,#EURO2020
I CANT HAVE MORE THEN ONE INTEREST AT THE SAME TIME I HAVE LIKE 3 TYPES OF HOBBIES OR I JUST PLAY ONE VIDEO GAME THAT I SWITCH BETWEEN EVERY FEW WEEKS AND THATS ALL I REALLY THINK ABOUT/PLAY/DO IN THAT TIME PERIOD   I LIKE HAVING A REPTILE PHASE THE MOST,SWITCH
I WISH MINGHAO A VERY WELL DON'T WORRY ABOUT US AND JUST MIND HIMSELF RECOVERING WELL,MINGHAO
TODAY IS ONE OF MY FAVORITE DAYS #FATHERSDAY AS A SINGLE PARENT YOU HAVE MANY SHOES TO FILL SO BEST WISHES  TO ALL FATHERS BUT ALSO TO ALL THE SINGLE MOTHERS THAT PLAY TWO PARTS IN THIS PLAY OF LIFE,#FATHERSDAY
